age,income,debt,credit_score,employment_years,approved
56,22740.64,8291.76,876.0,11,1
46,17450.86,11452.05,651.0,2,0
32,13924.96,10782.28,544.0,12,0
60,19267.55,12197.41,666.0,17,0
25,12165.8,5874.91,749.0,7,1
38,14903.58,5535.18,632.0,20,1
56,18879.19,16082.96,783.0,14,1
36,15529.49,21769.94,707.0,0,0
40,16806.9,19838.64,678.0,2,0
28,11521.22,12485.11,621.0,9,1
28,12276.77,13198.46,660.0,7,1
41,13236.57,9926.04,713.0,3,0
53,21386.37,8086.53,796.0,29,1
57,18302.37,12794.74,806.0,22,1
41,13889.15,6264.93,695.0,9,1
20,9124.63,8073.19,586.0,1,0
39,16929.03,19709.3,597.0,13,0
19,10927.9,18609.37,532.0,1,0
41,15290.35,12555.39,700.0,22,1
61,22846.03,9941.04,767.0,36,0
47,13721.88,11290.89,682.0,4,1
55,18061.36,14898.37,679.0,37,1
19,7302.1,9235.9,571.0,0,0
38,16904.43,13427.56,733.0,8,1
50,19309.31,15780.04,591.0,13,0
29,12069.31,6495.14,648.0,7,1
39,15263.47,10651.27,739.0,6,1
61,24436.68,22115.5,689.0,24,0
42,15259.64,2165.29,761.0,19,1
44,13571.87,9271.05,649.0,1,0
59,22874.39,21739.01,697.0,38,0
45,16863.68,21694.59,689.0,5,0
33,14807.34,9854.19,635.0,0,0
32,12510.47,15935.23,683.0,10,0
64,20522.62,24868.22,683.0,24,0
61,22105.64,15757.6,805.0,27,1
20,9020.35,4425.24,678.0,1,0
54,19569.88,14745.54,668.0,34,1
24,13433.14,10336.75,769.0,4,1
38,12202.6,15216.19,597.0,4,0
26,11371.84,5228.84,676.0,0,0
56,18162.01,22219.93,718.0,11,0
35,8318.91,2651.34,576.0,3,0
21,9202.07,1039.53,759.0,0,0
42,15662.05,15148.52,623.0,22,1
31,13547.04,16990.44,628.0,10,1
26,10364.92,9185.21,672.0,2,0
43,12922.0,12513.02,665.0,21,0
19,7055.14,15415.6,633.0,1,0
37,16733.92,19610.4,589.0,15,0
45,14826.74,12016.02,725.0,9,1
64,25366.45,18137.43,803.0,28,1
24,12299.97,15315.27,698.0,1,0
61,20664.44,20677.97,624.0,11,0
25,9041.84,9326.36,570.0,5,0
64,24295.83,17801.59,737.0,40,1
52,18118.18,14112.59,643.0,0,0
31,9208.7,6629.36,569.0,4,0
34,14324.63,9907.86,674.0,7,1
53,19734.53,12781.88,745.0,11,1
57,22375.41,19226.32,868.0,0,0
21,9999.19,4767.78,704.0,0,0
19,7601.71,6968.26,729.0,1,1
23,12439.36,0.0,722.0,5,1
59,23433.98,15747.81,784.0,19,1
21,9766.41,13304.78,624.0,3,0
46,16920.64,9034.37,858.0,24,1
35,10853.46,11643.28,616.0,10,1
43,14684.95,7661.54,681.0,4,1
61,22821.54,22136.16,757.0,36,0
51,17185.44,12262.81,721.0,11,0
27,8186.32,4865.83,636.0,4,1
53,25891.76,20985.16,802.0,27,0
31,9373.19,781.42,688.0,5,1
48,21913.5,22391.26,705.0,11,0
65,21885.15,24025.29,710.0,19,0
32,12430.87,8144.54,597.0,1,0
25,9155.44,9945.38,562.0,5,0
31,13865.67,14987.09,718.0,1,0
40,12120.45,9240.07,641.0,8,1
57,16419.34,7594.24,720.0,36,1
38,17620.34,22066.69,746.0,19,0
33,11292.06,7071.04,673.0,9,1
62,23092.18,15428.07,743.0,28,1
35,11329.09,17257.23,672.0,0,0
64,23616.84,21943.77,697.0,34,0
41,18667.09,16220.82,766.0,5,1
43,14845.76,7022.8,757.0,4,1
42,11733.12,13400.51,742.0,20,1
62,24977.59,34464.66,643.0,4,0
58,22252.49,22204.53,780.0,32,0
46,15852.86,15162.73,710.0,16,1
32,12164.1,13336.74,589.0,2,0
62,19378.7,13862.38,595.0,13,1
18,11240.51,7304.16,636.0,0,0
42,14530.57,9872.23,711.0,11,1
24,7362.58,3015.32,680.0,1,0
26,11227.29,7219.61,673.0,3,1
41,13579.97,9078.44,688.0,20,0
18,6339.97,3848.55,638.0,0,0
61,20439.8,14988.45,781.0,23,1
25,10672.71,9753.23,586.0,2,0
41,12537.78,10424.19,687.0,10,1
28,14170.3,12173.05,640.0,1,0
34,14554.32,19254.94,604.0,6,1
25,9769.27,8199.09,716.0,6,1
52,16793.31,24489.11,596.0,22,0
52,18421.55,16500.69,695.0,19,1
50,19798.87,13602.8,828.0,22,1
22,11089.17,15619.25,675.0,4,1
59,22817.01,17855.97,716.0,15,1
56,18839.25,3102.98,754.0,7,1
58,14550.15,11620.1,626.0,20,1
45,18995.62,13950.62,785.0,0,0
24,9865.61,15925.22,670.0,6,1
26,12132.33,5218.03,730.0,7,1
25,13838.46,9407.49,731.0,4,1
29,16568.82,19593.25,629.0,5,1
51,17000.36,15572.33,615.0,4,1
50,18267.92,13757.05,742.0,21,1
65,25233.67,16404.51,815.0,46,1
40,13311.44,12407.88,751.0,1,0
41,14135.78,11162.12,676.0,0,0
54,18023.92,10579.99,710.0,25,1
52,18543.82,11255.82,717.0,9,1
61,20859.75,12615.44,779.0,29,1
57,18912.41,10167.15,724.0,17,1
39,12768.49,14884.96,651.0,16,1
44,17823.88,18256.07,729.0,25,1
52,21275.66,21698.9,673.0,7,0
18,11365.43,9114.84,738.0,0,0
52,17637.85,12897.14,744.0,11,1
54,20907.45,15604.05,638.0,26,1
64,22672.65,23243.63,685.0,7,0
31,11158.66,0.0,610.0,8,0
20,10468.44,5802.32,666.0,1,1
18,7166.79,1296.7,640.0,0,0
22,8847.65,13877.56,661.0,3,1
43,13146.54,8129.94,647.0,0,0
31,11371.56,917.3,729.0,0,0
56,20307.72,17363.3,745.0,18,1
44,19337.87,13619.72,738.0,15,1
26,10093.01,5289.76,731.0,4,1
32,10523.66,5118.77,783.0,4,1
32,15594.74,8978.37,717.0,8,1
43,14890.9,15455.52,692.0,25,1
59,17203.24,14881.53,654.0,27,1
30,12266.19,8823.12,628.0,1,1
49,17050.45,8149.17,781.0,17,0
56,24400.79,18676.17,796.0,5,1
49,18650.73,16223.72,654.0,30,1
21,9007.32,8699.12,581.0,0,0
47,15251.01,13005.23,655.0,0,0
54,19860.33,11275.3,735.0,24,1
40,17913.42,2314.85,747.0,15,0
56,20423.63,25337.0,686.0,12,0
62,19905.14,9375.93,798.0,8,1
32,13677.61,1117.3,754.0,4,1
60,20902.79,17374.81,749.0,12,1
46,17697.23,5615.19,626.0,8,1
53,18190.39,10528.31,649.0,10,1
30,11243.41,11738.98,614.0,3,1
49,16864.44,22354.99,625.0,1,0
24,12084.48,11605.14,705.0,4,1
39,13963.55,8975.04,651.0,5,1
45,15580.54,12207.33,728.0,13,1
19,6815.87,0.0,629.0,1,0
59,21608.03,15032.66,681.0,37,1
62,22223.4,15529.81,687.0,18,1
23,9002.46,7968.61,763.0,5,0
45,15081.24,21775.94,602.0,1,0
45,20252.35,6517.9,804.0,17,1
61,17539.11,11992.9,638.0,12,1
61,22286.34,8661.53,851.0,40,1
37,16682.81,10829.43,730.0,18,1
47,10326.37,3938.09,697.0,12,1
28,12988.28,2918.89,736.0,10,0
45,16059.49,17413.05,700.0,0,0
42,16112.11,14167.93,731.0,23,1
56,19153.52,19302.1,665.0,6,1
50,20150.79,13462.36,701.0,24,1
18,9126.24,6947.41,659.0,0,0
44,16463.44,21143.96,693.0,20,0
30,10202.28,8148.22,658.0,0,0
58,24164.58,23371.45,763.0,11,0
20,9019.86,4128.61,700.0,1,0
56,24379.61,23083.78,718.0,6,0
23,13755.14,8259.51,609.0,4,0
25,6943.3,0.0,644.0,2,0
44,14890.11,11874.17,777.0,24,0
26,8726.1,4629.36,681.0,0,0
54,19103.59,7158.96,723.0,31,1
50,18374.33,15656.93,718.0,25,1
59,21159.85,12460.25,783.0,10,1
61,23408.26,34189.81,631.0,34,1
41,18287.17,7307.52,808.0,7,1
32,14534.98,5563.36,742.0,13,1
49,16578.13,17610.26,623.0,13,1
49,16135.95,12243.65,743.0,9,1
41,15305.52,16490.43,650.0,1,0
58,21252.24,18903.75,709.0,8,1
29,11333.62,6155.36,632.0,2,0
56,17109.03,6791.76,769.0,20,1
19,10064.12,13406.71,626.0,1,0
20,8215.37,130.05,715.0,1,0
54,18354.97,17478.51,669.0,5,1
34,13090.77,15067.61,622.0,11,1
19,8220.2,5941.57,615.0,0,0
19,7967.0,4852.86,675.0,1,1
45,13939.75,6233.17,674.0,15,1
40,14775.51,14134.12,667.0,4,1
54,20605.91,1255.08,774.0,14,1
49,18229.29,18162.06,713.0,11,1
50,19896.24,16514.38,630.0,14,1
18,6942.91,4440.25,660.0,0,0
36,11243.88,10206.62,748.0,10,0
19,8208.3,0.0,744.0,1,0
61,20071.53,3992.26,750.0,22,1
43,14879.33,14246.34,702.0,5,1
49,18123.5,21081.53,691.0,13,0
23,8893.84,0.0,762.0,1,0
49,15199.86,6897.49,592.0,11,0
21,8182.01,10307.23,686.0,2,1
28,12080.12,11458.54,650.0,10,1
34,14542.96,26449.91,576.0,12,0
55,20822.85,22036.56,659.0,20,0
41,16148.95,17096.28,611.0,22,1
22,9263.81,3592.11,644.0,2,1
51,19109.83,17911.89,648.0,15,1
23,9815.33,15329.33,631.0,4,1
39,14926.19,11119.0,723.0,14,1
28,9521.35,7031.0,647.0,8,1
65,22587.75,18776.97,807.0,35,1
33,13657.33,7603.37,671.0,10,1
50,18682.25,16290.62,690.0,14,1
26,8224.96,7799.83,620.0,3,1
23,10092.52,15473.95,653.0,4,1
33,10012.22,7062.81,700.0,12,1
46,17147.35,17091.53,711.0,21,1
20,7597.33,5280.03,643.0,2,0
37,17511.29,17207.83,622.0,1,1
53,19138.49,14060.5,705.0,13,1
36,15402.33,15189.23,752.0,3,1
43,20121.75,19738.58,753.0,15,0
20,7365.2,558.88,686.0,0,0
36,14671.35,17248.96,641.0,13,1
37,11728.18,8550.16,674.0,14,0
49,18389.79,12362.85,703.0,27,1
24,13731.42,7435.09,760.0,2,0
58,19144.23,16806.39,665.0,7,1
50,16228.09,12959.36,744.0,15,1
57,19917.65,17788.16,684.0,35,1
56,23891.63,21064.41,800.0,29,0
35,15042.08,15076.59,696.0,17,1
57,18290.17,28513.56,603.0,1,0
18,11310.12,9246.56,651.0,0,0
28,8089.87,2799.03,702.0,0,0
45,20773.12,6519.43,750.0,12,1
42,17312.9,7873.74,735.0,3,1
40,18527.11,20998.44,655.0,10,0
48,14104.4,14883.15,755.0,6,1
47,17438.88,7201.18,835.0,11,1
59,20432.22,28666.84,734.0,9,0
52,16586.04,14902.66,685.0,12,1
24,7607.95,8387.95,614.0,6,0
33,13914.16,22352.46,588.0,6,0
43,17095.46,22373.65,736.0,23,0
65,25099.95,23985.65,778.0,41,0
19,7693.16,10300.6,674.0,0,1
18,8116.78,11107.35,613.0,0,0
65,19735.08,14583.23,637.0,41,1
29,14781.57,13259.22,605.0,7,1
22,9739.1,10662.88,647.0,3,1
54,20645.18,15882.23,701.0,19,1
49,19215.81,10545.55,708.0,3,1
26,13718.21,9643.92,706.0,5,1
58,18737.2,10050.1,788.0,6,1
52,19995.17,16318.0,683.0,0,0
36,13749.98,2097.7,662.0,11,1
65,26711.35,23074.28,718.0,44,0
33,11231.27,828.64,656.0,9,0
20,11342.85,7056.92,708.0,2,0
37,14800.68,14361.05,676.0,12,1
41,15895.71,16672.3,770.0,22,1
50,18108.04,17848.23,729.0,21,0
41,17993.33,15993.33,791.0,21,1
28,11927.7,3945.8,629.0,4,1
25,7451.17,10863.98,458.0,5,0
53,21339.01,11589.2,768.0,27,1
55,21572.4,22730.8,708.0,8,0
57,21274.28,20157.94,706.0,25,0
37,11843.05,16268.95,642.0,8,1
52,16653.77,13447.36,643.0,14,1
65,18745.11,10902.27,761.0,9,0
42,16520.66,6753.27,768.0,23,1
52,15900.9,6812.83,665.0,7,1
42,12162.5,1546.12,696.0,23,1
46,19349.98,20190.0,678.0,15,0
35,15036.36,17366.17,630.0,16,1
63,21233.66,19755.42,656.0,25,1
35,13231.91,10420.32,681.0,4,1
19,3885.31,13413.05,585.0,1,0
52,20433.49,15856.05,695.0,23,1
33,11514.54,10316.21,609.0,2,0
58,21060.58,16609.21,748.0,35,1
53,13922.88,9446.76,654.0,9,1
50,19955.14,19118.98,688.0,24,0
21,7794.31,3067.96,641.0,1,0
50,15247.92,8695.44,771.0,18,1
31,11620.8,12703.98,617.0,3,0
38,13207.21,8077.73,778.0,9,1
65,24648.54,20386.24,782.0,32,0
37,13259.21,8900.73,779.0,17,1
25,13225.23,10522.43,713.0,4,0
24,10860.29,5321.78,671.0,6,1
20,10788.74,5428.04,635.0,0,0
34,13195.67,6457.87,682.0,2,0
50,20544.12,20651.94,777.0,32,0
65,20192.75,17013.63,714.0,20,1
29,11927.25,14134.55,682.0,0,0
39,13907.13,16252.64,668.0,21,1
39,17493.26,11695.03,729.0,15,1
63,24898.07,24326.38,742.0,36,0
47,17100.84,13610.07,728.0,14,1
55,16916.98,12740.21,665.0,34,1
55,20354.19,22545.19,677.0,27,0
62,18270.78,17385.47,711.0,6,1
25,13752.29,9239.71,699.0,7,1
44,15253.66,14646.89,656.0,10,1
44,16138.86,6582.52,749.0,9,1
51,16938.1,14787.04,657.0,8,1
38,12596.44,2579.19,652.0,13,1
47,18574.58,9937.67,751.0,12,1
50,17682.77,17069.41,632.0,24,1
45,16584.97,0.0,780.0,1,0
64,20192.22,25166.33,578.0,34,0
50,19712.12,19942.16,661.0,6,1
22,11515.58,19.8,699.0,4,1
65,22082.14,29658.21,592.0,17,0
36,16335.84,26439.19,613.0,2,0
21,9091.75,6370.94,718.0,1,0
52,20159.51,11495.16,681.0,10,1
34,9954.14,16394.83,600.0,6,1
61,22006.86,15886.54,826.0,23,1
45,15957.04,13570.83,639.0,27,1
47,17411.04,20015.28,744.0,13,0
46,17021.36,12849.53,692.0,18,1
63,22151.4,16515.85,744.0,3,1
23,11131.4,2543.15,763.0,1,0
52,17469.65,10823.01,696.0,31,1
58,21538.16,15926.68,767.0,38,1
54,21665.05,11139.22,805.0,35,1
41,12479.72,4244.1,671.0,7,1
46,15238.92,12359.14,653.0,4,0
63,20422.93,7089.82,757.0,32,1
48,15215.91,7776.91,703.0,3,1
52,17650.6,23843.45,603.0,2,0
50,20066.24,14325.65,697.0,8,1
38,17295.17,11482.52,542.0,7,1
49,17912.35,12580.15,700.0,0,0
40,14351.53,9810.46,739.0,5,1
50,19605.85,18559.02,620.0,3,1
20,4272.06,5941.98,590.0,0,0
35,11389.64,7157.92,800.0,16,1
42,10956.74,7696.2,670.0,1,0
59,18568.6,21418.75,746.0,4,0
48,15865.96,5141.25,682.0,11,0
20,11955.36,9276.38,696.0,2,0
57,14577.88,12338.53,625.0,31,1
63,21066.59,12969.86,766.0,20,1
41,16539.13,12655.62,744.0,7,1
49,18521.46,10258.79,764.0,5,1
64,25123.48,23284.63,718.0,7,0
39,15022.1,5326.65,737.0,17,1
40,15748.56,17910.51,682.0,2,0
19,5022.99,3651.86,665.0,1,0
44,14223.46,9138.6,690.0,11,0
59,17134.59,8684.19,774.0,2,0
19,9845.22,13029.46,705.0,1,0
43,16597.38,10018.59,700.0,5,1
34,13827.08,5225.42,714.0,1,0
57,18337.13,19927.02,638.0,22,0
50,16054.1,8321.75,736.0,1,1
26,11218.89,8502.7,687.0,5,1
60,19661.23,19823.0,700.0,16,1
65,20459.19,17157.14,725.0,34,1
56,18783.22,23680.83,766.0,33,1
46,15478.52,8208.06,569.0,22,1
59,18966.55,14120.69,694.0,29,1
43,13448.46,10092.88,667.0,19,0
52,19497.38,18704.08,774.0,7,1
42,18712.1,21412.79,704.0,21,0
41,15221.99,12545.68,714.0,11,1
30,12444.87,9267.58,741.0,9,1
24,11272.76,1603.25,696.0,3,0
53,19633.13,16268.41,748.0,4,1
62,19906.18,12673.44,709.0,12,1
37,17539.69,17123.94,637.0,14,1
18,6885.38,3459.88,741.0,0,0
25,11796.18,8233.75,695.0,0,0
63,22960.38,11066.97,807.0,15,1
33,8983.12,0.0,636.0,9,1
31,11582.31,18570.78,648.0,13,1
29,11813.26,10099.03,757.0,8,1
40,15266.3,14234.72,668.0,22,1
32,13202.84,6000.8,639.0,11,1
45,18015.33,18789.88,695.0,16,1
51,18284.97,18103.67,641.0,15,0
19,9409.24,3515.25,599.0,1,0
49,17610.09,8790.55,695.0,7,1
40,12965.33,6709.63,671.0,19,1
39,14764.8,11670.43,640.0,2,0
42,17098.18,14514.08,765.0,15,1
39,16917.58,13726.03,795.0,12,1
39,15774.63,19113.36,693.0,18,1
59,23368.7,15120.18,777.0,39,1
23,10737.73,3156.87,684.0,5,0
32,14327.76,11462.7,641.0,4,1
60,22874.78,9834.4,860.0,19,1
54,18753.3,18481.33,692.0,0,0
50,19452.01,16051.42,691.0,29,1
25,8618.71,5204.78,711.0,4,1
61,21999.62,15631.94,738.0,19,1
61,22454.05,22513.22,761.0,5,0
22,11702.19,13752.49,628.0,1,0
56,21441.52,15921.36,786.0,7,1
21,11428.23,12101.43,703.0,2,0
23,9701.24,12077.84,703.0,0,1
62,20909.21,18405.0,682.0,15,1
49,17150.2,12692.84,704.0,11,0
47,17632.57,16011.89,794.0,5,1
64,18582.51,9670.57,725.0,33,0
52,21263.51,17366.34,766.0,13,1
57,20187.75,14984.57,841.0,35,1
33,12070.0,7706.67,590.0,0,0
30,6940.57,0.0,655.0,6,0
59,20626.37,11363.11,750.0,1,0
47,16703.05,10932.96,622.0,8,1
36,12005.91,14079.92,627.0,1,0
34,11853.91,10912.24,615.0,8,1
36,13746.73,15695.75,702.0,0,0
45,15323.53,18473.39,574.0,10,1
43,17043.76,15281.55,788.0,2,0
54,17702.43,14863.41,737.0,22,1
43,16209.22,8102.4,669.0,25,0
40,17360.09,23821.43,706.0,3,0
26,10726.81,1492.23,730.0,1,0
29,12411.95,10523.23,670.0,6,1
18,8985.3,11352.24,597.0,0,0
18,8415.99,10966.48,657.0,0,0
64,22065.99,11877.34,767.0,5,1
51,17157.25,11626.29,679.0,21,1
49,18002.02,10406.85,661.0,10,1
65,21933.46,7644.6,739.0,14,1
42,18692.18,15605.38,684.0,21,1
57,21722.29,13789.75,806.0,36,1
62,18694.41,22482.94,718.0,41,0
18,5605.68,7560.42,596.0,0,0
33,12639.08,10318.27,654.0,11,0
56,19009.39,12844.01,775.0,37,1
22,9233.61,7962.47,666.0,1,0
39,16002.32,11522.49,715.0,12,1
46,17431.47,14292.87,668.0,2,0
20,9611.26,17197.19,604.0,1,0
29,14592.39,6350.13,714.0,7,1
43,13122.22,9654.56,678.0,9,1
33,13107.88,14018.24,698.0,13,1
54,18041.89,12432.81,757.0,13,1
39,17570.87,21959.41,620.0,5,0
46,12381.3,13297.33,632.0,2,0
31,7969.04,2780.78,631.0,6,0
45,17109.27,14707.76,767.0,19,1
22,11852.59,5959.03,801.0,0,0
64,23746.51,15013.92,739.0,14,1
47,15498.04,11697.44,688.0,20,1
63,24912.84,26249.08,760.0,34,0
22,7137.06,9436.88,589.0,1,0
29,14314.97,11339.09,730.0,10,1
33,10701.54,12467.17,644.0,1,0
43,15196.35,13500.17,597.0,2,0
43,17178.54,7893.37,667.0,17,1
65,19567.58,14928.38,704.0,13,1
38,17338.05,13504.64,767.0,19,1
56,19084.11,19075.74,651.0,17,0
53,19174.55,12507.29,703.0,9,1
50,20324.4,11696.2,755.0,24,1
47,15513.75,12183.26,611.0,1,0
54,21321.63,13830.18,759.0,24,1
40,18281.07,13007.31,641.0,21,1
27,9788.84,7426.68,689.0,0,0
22,12338.78,7955.8,643.0,3,1
53,15378.84,17118.99,621.0,30,0
51,19079.2,22334.84,693.0,13,0
48,14942.8,16268.8,708.0,0,0
27,12985.14,1532.12,741.0,5,1
36,15520.91,9206.86,720.0,13,1
49,21854.76,16590.55,747.0,28,1
18,11242.57,0.0,732.0,0,0
22,9268.46,3035.31,700.0,3,1
62,19436.51,14592.05,702.0,2,0
21,10431.37,6100.23,707.0,2,0
33,12778.54,10266.08,637.0,8,1
41,18402.31,7817.71,800.0,5,1
33,8567.24,4552.38,702.0,8,1
19,13076.11,11220.44,784.0,0,0
45,17563.98,14102.19,731.0,20,1
49,16073.98,15093.65,731.0,1,0
44,17667.98,16077.25,618.0,7,1
37,16694.84,11320.34,757.0,1,0
41,15528.69,13023.55,749.0,3,1
29,8170.16,2536.16,744.0,8,1
52,18012.31,13058.7,721.0,14,1
50,20078.79,10784.94,730.0,3,1
50,18993.33,20521.79,633.0,11,0
60,20686.99,15182.12,681.0,31,1
54,21816.63,22773.02,703.0,31,0
29,13178.61,12100.37,584.0,11,0
20,10632.68,4077.83,648.0,0,1
18,7578.73,7318.52,644.0,0,0
50,16985.23,17636.78,685.0,30,1
57,16700.08,12972.16,654.0,13,1
27,10581.22,8835.12,600.0,3,1
60,22870.78,15539.34,697.0,17,1
61,20891.81,16833.97,714.0,28,1
46,17691.08,15342.35,807.0,27,1
30,14222.4,8483.84,753.0,5,0
29,12445.67,4560.05,712.0,10,1
48,18341.03,21112.68,706.0,29,0
63,19184.36,18368.09,751.0,1,0
19,8054.87,3705.61,696.0,1,0
52,22053.25,18740.89,711.0,22,0
40,15207.59,4773.18,686.0,18,1
34,16993.48,3709.43,745.0,4,1
43,14453.77,16983.68,710.0,18,1
25,10967.89,9922.07,647.0,1,0
46,16034.64,12589.2,642.0,9,1
43,17083.97,14830.46,611.0,24,1
27,12890.02,26442.67,591.0,1,0
43,17104.93,18029.42,630.0,10,1
51,20383.7,11079.76,727.0,30,1
58,20373.65,7897.04,837.0,14,1
24,9818.94,13127.83,630.0,0,0
21,5783.61,8907.37,576.0,2,0
62,22876.9,21176.83,738.0,18,0
28,11744.37,5331.1,787.0,8,1
46,16664.17,15147.76,685.0,2,0
53,18518.37,11197.97,611.0,20,1
42,15526.24,15734.9,709.0,8,1
38,13927.53,16055.31,676.0,13,1
53,17843.93,11557.78,725.0,6,1
27,11579.18,14922.39,630.0,0,0
54,20168.32,16708.92,678.0,3,1
26,9258.86,9866.46,719.0,3,1
41,14498.53,5050.66,628.0,6,1
52,18190.76,15713.68,688.0,16,1
52,18609.63,11509.78,712.0,28,1
65,22243.63,20168.07,764.0,35,0
53,20219.44,23511.37,746.0,34,0
35,10195.27,9603.81,643.0,6,1
56,16849.93,8975.67,733.0,26,1
49,18087.14,17602.04,707.0,27,1
41,14094.63,13284.65,727.0,21,1
40,16768.48,23707.8,701.0,13,0
49,20039.6,17301.52,687.0,6,1
54,19667.49,12806.62,755.0,36,1
29,9556.05,11498.05,657.0,5,0
30,14109.19,10648.96,682.0,4,1
40,15397.81,12719.5,709.0,22,1
42,12626.13,5458.52,700.0,1,0
52,15802.96,12030.19,706.0,26,1
58,23433.89,18901.14,672.0,20,1
47,19802.27,15200.07,676.0,21,1
34,8165.71,3578.13,705.0,5,1
37,11384.42,10548.68,601.0,14,1
65,24781.71,15208.01,795.0,20,1
42,15563.01,6655.44,718.0,9,1
39,16103.7,16430.64,730.0,6,1
30,11876.09,12589.63,688.0,4,1
36,15108.98,5549.17,701.0,0,0
53,18911.67,5981.56,748.0,12,1
29,10824.78,3616.12,591.0,4,0
58,22517.49,17372.5,732.0,25,1
36,14204.11,17135.04,593.0,17,0
29,13004.78,9640.1,671.0,4,1
26,11114.9,5045.11,654.0,4,1
24,9227.29,8124.76,608.0,1,0
45,19716.78,15203.34,781.0,4,1
31,13009.94,3502.91,649.0,12,1
48,16689.9,6476.61,686.0,3,1
36,16356.66,6344.34,697.0,16,1
64,19558.35,28045.94,631.0,34,0
33,17372.57,18197.96,639.0,0,0
22,9241.7,4424.78,652.0,3,1
52,16063.97,18392.51,684.0,10,1
29,15511.88,9569.22,741.0,4,1
42,14673.66,17114.83,692.0,19,1
38,14886.49,12310.72,592.0,20,0
53,20335.38,12974.05,757.0,25,1
40,17368.35,17293.78,709.0,3,1
33,13499.55,11487.24,644.0,1,0
56,18505.37,16795.63,784.0,17,1
62,22037.99,18707.92,781.0,39,1
59,19861.37,16914.17,705.0,34,0
56,20298.02,20241.19,672.0,28,1
31,15556.3,25364.07,711.0,3,0
48,18911.85,21373.44,681.0,28,0
22,10013.29,9108.86,659.0,1,0
52,20076.98,14508.55,732.0,20,1
40,16620.16,12292.45,820.0,9,0
46,14644.25,5434.75,708.0,12,1
60,21083.45,20189.47,709.0,40,0
28,16525.06,8145.43,683.0,0,0
35,15925.64,10878.24,685.0,8,1
64,21193.13,20306.25,659.0,40,0
29,10493.58,7208.24,628.0,0,0
26,9526.95,5160.12,579.0,1,0
27,12832.64,4278.71,751.0,0,1
61,24515.28,25638.86,725.0,9,0
34,14364.33,7325.36,719.0,7,1
55,19814.32,12922.08,731.0,20,1
24,9311.69,0.0,697.0,3,1
63,22558.75,17947.69,817.0,10,0
30,10359.76,6621.33,632.0,6,1
57,16228.47,13892.06,707.0,33,1
59,23973.65,13305.76,787.0,7,1
26,8788.37,10701.6,691.0,5,0
44,15550.34,3244.22,761.0,7,1
19,10012.71,7549.28,687.0,0,0
22,12468.93,10552.59,609.0,0,0
46,17314.26,14140.28,662.0,27,1
54,16812.58,14238.84,639.0,22,1
55,18897.31,19061.2,570.0,23,0
36,12443.03,16577.92,661.0,12,1
25,10423.58,7560.82,653.0,2,0
65,24963.97,15131.96,794.0,4,1
62,16525.22,16023.76,687.0,31,1
18,7577.22,4660.58,664.0,0,0
39,13731.9,17308.62,718.0,11,1
34,10686.48,5539.35,680.0,0,0
24,11370.98,4806.73,723.0,6,0
42,12770.05,10935.01,658.0,4,1
62,19000.21,6498.08,799.0,7,1
21,11002.14,6464.57,616.0,0,0
53,21901.14,15871.71,648.0,7,1
23,9747.81,8900.61,758.0,0,0
48,14965.21,6990.81,807.0,22,1
36,12388.89,5513.61,599.0,10,0
61,23316.0,24437.37,709.0,0,0
56,20032.88,15958.99,728.0,23,1
44,15997.92,17121.52,711.0,2,0
27,11726.1,6671.94,771.0,7,1
43,15824.68,12387.49,643.0,16,1
36,16891.42,14585.81,646.0,4,1
56,18301.71,23379.15,666.0,19,1
20,7272.08,4729.57,601.0,0,0
62,18833.09,14235.13,581.0,39,0
30,10920.02,14226.78,627.0,9,1
45,14316.05,9553.78,738.0,13,1
37,14536.15,13052.07,679.0,3,1
45,16541.89,18288.31,705.0,10,1
25,8341.85,3794.27,688.0,3,0
58,21578.28,18964.94,670.0,14,1
56,22833.63,26994.65,697.0,18,0
18,9115.68,11899.13,555.0,0,0
20,3913.0,4555.07,591.0,2,0
30,15974.26,11657.8,704.0,2,0
45,17993.85,11373.49,723.0,27,1
42,19512.84,10669.34,677.0,18,1
50,20181.45,23693.28,629.0,4,0
55,22081.03,24242.18,714.0,4,0
23,10310.53,4962.85,720.0,5,1
61,20775.41,18308.76,706.0,31,1
62,22346.96,18434.2,718.0,7,1
49,16282.43,18948.02,715.0,31,1
62,22467.76,19888.22,687.0,9,1
64,16946.43,13443.05,789.0,37,1
38,14485.86,8880.26,633.0,14,0
33,15589.35,14175.82,737.0,15,1
38,14588.62,9929.98,723.0,15,1
28,14854.97,12987.4,804.0,0,0
54,18672.51,14558.15,658.0,30,1
53,20905.3,14861.78,618.0,7,1
52,16843.46,8611.06,788.0,24,1
36,15723.91,15150.11,608.0,8,1
37,14565.19,11865.0,717.0,1,0
35,13060.5,19385.5,693.0,14,1
64,17052.24,8480.06,747.0,2,0
58,19891.25,19039.49,715.0,35,1
31,12726.91,9768.29,698.0,13,1
32,14257.42,21904.73,675.0,3,0
48,20521.9,19162.38,739.0,13,1
18,12470.07,11599.5,606.0,0,0
20,11492.53,8793.52,762.0,0,0
33,11775.82,5905.05,691.0,8,1
40,14390.39,13069.28,704.0,22,1
28,12877.83,3390.75,747.0,1,1
29,12739.23,3509.96,768.0,9,1
27,14356.69,16547.55,713.0,4,1
49,22658.78,9316.4,787.0,3,1
33,17434.36,12349.62,716.0,11,1
25,13487.88,5544.67,728.0,2,0
55,20555.81,14432.29,788.0,1,0
29,14398.65,12441.65,626.0,5,1
41,18622.88,19821.08,719.0,12,1
45,16205.4,19052.49,622.0,20,0
25,9434.68,2952.98,772.0,7,1
45,14965.16,9642.32,720.0,15,0
53,17147.23,33980.54,581.0,31,0
43,13136.01,9258.73,707.0,1,1
25,10999.8,4388.79,689.0,2,0
45,14500.49,8021.39,697.0,9,0
45,14932.96,10725.66,605.0,14,1
54,20602.51,14518.32,682.0,16,1
58,20763.22,15438.72,723.0,39,0
53,19759.25,15700.27,635.0,17,1
44,18930.3,15002.2,685.0,22,1
34,14929.06,7165.82,688.0,8,1
26,13837.77,12916.87,635.0,8,0
50,18159.95,15133.2,745.0,13,1
37,17323.58,16341.77,648.0,17,0
30,12719.47,1603.31,724.0,5,0
45,16837.41,14254.15,679.0,19,1
65,25423.05,10410.46,796.0,29,1
46,15055.69,11166.7,775.0,19,1
30,16047.2,16127.44,689.0,4,0
63,21335.8,22297.54,721.0,43,0
52,16163.78,14603.33,650.0,31,1
23,11207.0,12342.56,682.0,2,0
35,12745.36,8701.26,713.0,13,1
22,13651.61,8375.45,719.0,0,0
64,21334.2,30531.15,600.0,20,0
42,16228.9,17118.92,647.0,2,0
19,5848.81,0.0,730.0,1,0
27,12725.83,1507.34,685.0,6,1
47,15545.22,10110.83,783.0,6,1
62,22986.65,24348.66,681.0,11,0
22,8743.31,7238.34,659.0,0,0
50,13906.13,4.81,730.0,17,1
18,8662.38,6043.44,614.0,0,0
35,13672.86,10926.28,641.0,12,1
49,19462.14,3491.38,742.0,29,1
64,25312.0,20370.43,759.0,20,0
28,15224.82,7113.02,761.0,7,1
38,16128.31,3724.91,747.0,13,1
43,16457.24,21188.33,657.0,7,0
42,12745.33,4908.26,763.0,13,1
39,15104.04,8746.81,709.0,6,1
44,16629.88,9900.99,690.0,22,1
30,11602.72,9293.37,620.0,11,1
50,19265.94,24244.3,735.0,31,1
51,20543.81,10454.11,737.0,10,1
58,18763.19,13476.54,691.0,21,1
52,16932.03,14149.93,665.0,21,0
18,8121.42,2153.17,731.0,0,0
38,13169.54,8921.2,658.0,10,1
65,19217.49,18346.49,750.0,24,1
23,7906.81,2546.93,655.0,5,0
45,14035.36,9535.07,632.0,27,1
34,15616.9,10336.75,688.0,12,1
22,13005.65,9885.49,679.0,1,0
48,15209.13,13383.07,679.0,1,0
22,10692.15,11486.52,642.0,4,0
55,21247.03,26685.4,663.0,20,0
20,6015.46,0.0,621.0,2,0
40,15321.96,11420.61,697.0,19,1
54,24267.03,12591.45,807.0,26,0
54,20554.29,14516.58,660.0,30,1
27,10609.4,12891.86,707.0,2,0
27,9979.63,13972.66,445.0,6,0
36,9755.08,14027.63,631.0,11,1
34,14140.95,17489.22,677.0,12,1
38,18295.63,13766.83,684.0,10,1
31,10672.91,15530.98,523.0,4,0
26,6928.83,13527.31,597.0,0,0
63,20571.55,17151.24,728.0,2,0
18,10163.2,14016.74,574.0,0,0
62,20743.0,16800.59,682.0,18,1
30,10359.06,15338.41,675.0,6,1
21,9338.31,6662.33,666.0,0,0
18,8859.4,4039.92,593.0,0,0
57,17323.22,8258.62,754.0,29,1
49,17265.43,12944.2,661.0,6,1
51,17305.46,14266.31,663.0,24,1
45,15218.19,7445.29,725.0,4,0
48,15365.93,11042.2,704.0,14,0
25,12382.52,7273.27,667.0,7,1
56,18511.23,9424.1,713.0,15,0
43,11910.11,14707.51,633.0,7,0
51,18828.6,21122.39,644.0,0,0
20,10450.4,13517.48,691.0,0,0
29,10107.97,7665.6,584.0,2,0
18,7280.67,5712.63,632.0,0,0
61,20001.89,10685.65,674.0,0,0
22,8906.69,9198.52,690.0,3,0
47,19313.7,16299.12,700.0,7,1
47,16871.88,27717.24,577.0,2,0
34,14879.19,17338.86,696.0,9,1
65,20562.34,18026.09,601.0,33,1
64,21432.62,16938.05,744.0,42,1
40,16908.03,18532.95,734.0,9,1
32,10988.79,4212.34,698.0,4,1
54,21224.27,22677.61,674.0,26,0
38,13143.23,5078.87,644.0,1,0
31,11656.67,6517.72,738.0,8,1
19,12040.33,441.36,765.0,1,0
28,10528.36,11493.07,616.0,8,1
56,20090.69,17322.2,683.0,35,1
55,20732.87,13778.88,798.0,21,1
51,18753.02,10356.72,762.0,25,1
55,20010.11,22901.7,596.0,11,1
51,18186.92,13881.52,703.0,16,1
35,10895.52,4879.94,673.0,13,1
47,17796.58,23846.93,671.0,13,0
32,11135.06,5622.74,684.0,8,1
44,17751.53,19894.31,652.0,1,0
51,21044.12,11080.35,764.0,19,1
55,15888.89,10936.38,682.0,10,1
50,20747.62,19109.55,883.0,15,1
41,14477.88,11293.12,694.0,18,1
32,12338.1,11089.3,667.0,14,1
47,15275.23,9526.01,797.0,22,1
59,21076.94,8872.57,698.0,5,1
34,13333.63,17994.79,638.0,4,1
22,11753.85,7013.93,635.0,1,0
46,15317.21,13698.83,716.0,3,1
21,12621.6,13607.07,633.0,2,0
27,12429.43,11487.33,696.0,3,1
34,13381.94,7162.59,723.0,9,1
27,10738.43,14389.57,674.0,7,1
34,12586.86,12637.88,689.0,2,1
37,13617.31,11887.72,666.0,4,1
41,15636.8,13387.37,620.0,5,1
22,9182.0,15756.91,663.0,4,1
51,17018.94,9964.84,791.0,20,0
23,10248.92,10275.41,604.0,1,0
19,7027.42,2978.79,692.0,1,0
30,12644.93,434.42,666.0,3,1
60,20553.87,6629.42,783.0,19,1
60,22393.46,12841.59,780.0,16,1
65,24478.15,16290.3,742.0,6,1
28,13377.36,21566.64,631.0,3,0
64,22836.21,21760.91,762.0,28,0
40,15869.66,16637.45,670.0,13,1
33,12254.5,6618.21,656.0,2,1
48,18755.28,15310.86,650.0,23,1
28,12981.0,21915.57,601.0,4,1
33,9765.34,1740.18,630.0,15,1
25,11256.69,11286.55,637.0,1,0
21,12036.26,17685.49,609.0,2,1
57,19387.42,20339.65,732.0,3,0
21,8150.91,15528.42,608.0,3,1
42,14760.27,12872.54,811.0,23,1
20,5990.25,7809.46,520.0,1,0
49,17951.97,14910.45,721.0,29,0
20,9059.93,9914.67,618.0,1,0
44,16594.05,8699.21,675.0,18,1
46,17631.95,18067.3,684.0,27,1
49,16104.01,14354.45,684.0,27,1
36,14346.4,11790.42,738.0,18,1
38,15286.4,20961.08,653.0,16,0
22,8623.22,5571.65,624.0,2,0
35,14340.24,17511.3,673.0,12,1
45,16661.41,19865.52,656.0,11,1
59,19437.62,19827.82,639.0,29,1
39,15265.58,7386.96,703.0,5,1
38,13818.58,12850.25,685.0,20,1
23,11294.13,18827.68,622.0,3,1
18,7921.67,0.0,696.0,0,0
22,7020.47,4678.08,620.0,2,0
58,20933.97,22558.72,712.0,35,0
29,12158.81,9150.44,682.0,6,1
43,13737.73,15039.62,669.0,16,1
63,23401.07,25766.81,707.0,32,0
51,19696.44,16917.18,821.0,17,1
31,10560.04,10992.98,706.0,3,1
43,14580.75,12123.95,700.0,16,1
62,21315.98,18541.82,680.0,27,1
44,14682.3,22258.85,621.0,26,0
26,12080.79,9344.89,755.0,8,0
43,16197.94,11192.58,678.0,21,1
64,20012.89,21219.08,686.0,44,0
39,13055.06,6229.43,688.0,0,0
64,24575.44,16586.74,781.0,16,1
47,20171.12,13095.17,714.0,5,1
60,22077.46,16382.59,748.0,3,1
65,22077.45,16600.96,717.0,19,1
34,12320.07,13351.56,722.0,15,1
43,16999.4,11887.71,676.0,14,1
53,19051.84,18938.79,745.0,26,1
18,5179.86,8464.79,580.0,0,0
25,12563.74,6783.43,649.0,6,0
52,21291.61,21246.82,672.0,5,0
32,14074.51,15926.7,576.0,14,0
64,20016.78,7208.74,786.0,13,1
39,13426.35,12208.48,615.0,10,1
31,8584.56,4335.61,646.0,6,1
43,19092.1,21789.0,720.0,8,0
45,15786.52,10046.19,744.0,25,0
40,19666.58,9035.85,680.0,15,1
31,16210.46,12819.28,714.0,4,1
41,13493.15,6309.66,760.0,19,1
19,7283.46,10074.7,591.0,0,1
62,22532.38,13982.84,781.0,9,0
43,12390.92,9825.2,618.0,17,1
31,11423.48,16867.84,649.0,2,0
24,9123.68,12791.59,634.0,4,1
20,12702.33,12551.06,697.0,2,0
64,22522.04,17379.74,768.0,29,1
40,14430.47,13458.86,609.0,21,1
63,20637.03,19954.54,713.0,44,1
60,22788.1,13297.47,834.0,5,1
64,21206.58,21221.95,597.0,16,0
62,21499.43,11691.08,805.0,44,1
35,12221.75,12639.66,739.0,9,0
55,16464.93,7637.49,652.0,34,1
52,16607.93,23100.33,617.0,25,0
32,11596.06,13093.55,676.0,2,0
42,15073.49,4278.67,685.0,4,1
54,18761.15,15004.29,781.0,28,1
45,16322.16,10450.62,764.0,4,1
27,10122.62,4899.47,607.0,3,0
56,22498.25,18734.12,694.0,20,1
34,15095.97,7436.81,752.0,9,1
56,19529.78,19431.15,735.0,4,1
39,15208.52,15690.08,785.0,3,1
43,15155.82,13881.78,638.0,5,0
61,15613.03,12392.9,767.0,25,1
42,15640.99,15811.88,632.0,3,1
34,13811.23,15005.91,688.0,6,1
30,8774.68,9294.33,686.0,6,1
37,15098.82,5519.69,574.0,17,0
42,15038.85,8089.15,756.0,2,0
21,9975.87,6640.39,736.0,0,0
27,10599.2,1100.41,755.0,7,1
20,11501.91,10321.54,766.0,0,0
58,20852.46,23736.99,738.0,35,0
62,23604.83,25142.32,683.0,5,0
35,15669.45,16233.69,737.0,8,1
64,19960.89,19607.27,672.0,45,1
53,17421.97,25014.05,653.0,30,1
64,23103.22,22701.9,759.0,19,0
39,13968.93,15803.32,683.0,3,1
51,17822.79,7063.66,810.0,20,1
64,24773.13,26482.6,840.0,29,0
25,9879.27,9895.9,592.0,7,0
57,18162.14,14130.79,695.0,29,0
61,19632.4,14067.73,742.0,21,1
36,18164.71,11788.79,700.0,6,1
59,20343.56,22558.73,687.0,34,0
58,17671.5,13995.41,746.0,27,1
54,15661.08,9970.47,739.0,13,1
23,8650.73,3062.85,684.0,1,0
43,15506.96,13258.56,696.0,15,1
51,20198.35,14360.63,719.0,15,1
62,23304.69,15704.97,825.0,30,1
23,9887.31,999.07,777.0,1,0
54,18291.66,19430.12,737.0,24,1
50,18679.2,14253.25,658.0,12,1
39,11202.51,3535.81,681.0,5,1
38,18362.16,13333.55,727.0,11,1
23,11208.21,11712.23,606.0,0,0
23,11633.98,9451.39,673.0,4,1
65,20351.69,17236.32,718.0,35,0
21,11865.3,9704.98,724.0,3,1
47,16179.97,6559.69,704.0,10,1
28,9494.88,12338.45,691.0,3,0
47,17021.66,5076.09,697.0,17,1
48,17274.89,16127.59,651.0,25,1
41,13142.93,13592.2,645.0,10,1
26,9010.13,6108.88,662.0,8,1
20,7053.54,7409.94,513.0,0,0
48,15472.57,10992.38,723.0,3,0
57,19323.8,17286.52,792.0,32,1
54,16422.03,18102.24,706.0,26,0
53,17517.25,10053.17,714.0,6,1
41,17390.27,17282.04,633.0,5,1
48,19046.62,23699.29,581.0,30,0
23,7800.24,7563.02,558.0,1,0
19,10616.41,5977.61,670.0,1,0
37,10167.12,19449.86,710.0,10,1
45,21358.29,17530.16,590.0,19,0
28,14000.63,12358.15,713.0,7,1
21,8180.54,7806.3,609.0,2,0
32,13364.85,12931.2,652.0,6,1
23,7098.16,3984.15,604.0,4,0
47,17220.89,14726.66,630.0,9,1
55,19132.67,20067.06,697.0,25,0
19,7030.47,3757.37,665.0,1,1
32,11662.89,7230.34,714.0,7,1
28,10266.03,6752.4,585.0,8,0
25,8236.53,1100.36,721.0,4,1
43,14183.71,7932.77,747.0,25,1
62,18716.31,11355.15,752.0,20,1
61,23014.66,18409.12,717.0,17,1
22,7735.77,10369.35,641.0,4,0
23,7455.96,13233.34,600.0,2,0
43,17583.01,14352.35,752.0,22,1
21,10039.24,10313.74,630.0,1,0
36,15409.0,13544.17,692.0,4,0
37,15932.17,2278.54,661.0,16,1
50,21874.91,11760.47,775.0,18,1
37,13787.92,14836.66,626.0,18,1
29,8784.78,11320.25,657.0,8,1
64,22742.08,22371.7,755.0,20,0
18,7061.99,4760.53,616.0,0,0
43,13984.99,1213.82,735.0,11,1
31,12499.85,4857.26,709.0,8,1
55,21231.51,12607.67,768.0,32,0
54,17528.01,17166.25,729.0,3,1
28,13948.78,9372.17,726.0,9,0
53,16920.77,21988.62,640.0,6,0
30,11512.19,16547.95,712.0,5,1
60,21772.62,25786.58,726.0,32,0
20,8224.2,1996.8,743.0,0,0
50,14448.0,14012.85,692.0,23,0
23,11754.81,7016.23,703.0,4,1
27,9853.07,9521.82,645.0,1,0
22,11089.8,4843.77,664.0,3,1
40,12471.71,16108.15,693.0,10,1
27,8913.13,3195.84,686.0,8,1
61,23024.87,8683.7,780.0,38,1
19,9381.02,17673.72,554.0,1,0
30,11122.83,11110.75,733.0,0,0
57,20810.06,11302.42,757.0,16,1
19,6791.92,4622.18,583.0,1,0
37,14320.52,8572.13,704.0,5,1
18,8657.11,6954.39,642.0,0,0
54,18452.44,18775.85,679.0,5,1
26,9129.43,10532.44,667.0,1,0
34,13340.5,11941.04,664.0,0,0
26,10690.04,8578.3,649.0,4,1
28,10468.36,13768.04,704.0,4,1
32,10532.37,0.0,618.0,1,0
41,15324.95,8515.3,708.0,21,1
55,18573.36,9965.37,782.0,1,0
52,16530.68,18255.84,705.0,9,1
47,17187.06,10054.18,773.0,1,0
48,20616.61,10063.51,857.0,15,1
22,8866.34,9839.71,724.0,2,0
61,24295.55,14892.7,711.0,38,1
31,16528.66,11469.3,627.0,5,0
28,9493.16,19500.25,614.0,7,1
26,10818.09,12590.16,578.0,7,0
51,22507.46,16950.77,644.0,9,1
29,11457.84,8560.63,688.0,2,0
52,18673.62,19476.34,718.0,31,0
52,15259.99,15522.34,761.0,6,1
18,7336.68,6247.34,681.0,0,1
57,21211.18,17486.74,821.0,20,1
39,19558.57,8247.61,772.0,19,1
46,16407.99,4676.34,684.0,25,1
25,7174.75,4855.69,689.0,6,1
28,8589.5,3705.18,734.0,3,1
58,20328.42,19193.13,727.0,21,1
54,21554.41,18229.43,797.0,14,1
31,13574.71,6995.89,695.0,7,1
47,18020.51,15232.4,731.0,7,1
52,21218.29,14883.47,729.0,20,0
38,12959.54,20700.64,745.0,14,0
54,19238.19,17321.76,748.0,21,1
22,8559.24,0.0,630.0,3,1
36,13257.09,19708.25,727.0,13,1
31,10287.46,5064.22,641.0,10,1
43,15212.05,7295.95,716.0,8,1
21,9244.57,18114.09,625.0,3,1
42,14857.06,13614.83,708.0,16,1
62,21277.88,20526.13,734.0,1,0
59,21510.08,20873.37,654.0,24,0
42,18077.39,13431.96,738.0,23,0
35,16122.31,10035.82,766.0,2,0
57,21622.84,15251.99,794.0,7,1
25,7980.04,14428.36,543.0,3,0
56,19079.18,16282.28,677.0,32,1
57,19551.43,22205.72,632.0,34,0
31,10985.7,8406.33,685.0,5,1
49,18384.7,10930.84,652.0,6,1
55,16311.34,5837.99,678.0,22,1
50,21387.13,20349.72,679.0,24,0
40,17390.44,22382.84,572.0,17,0
32,13556.4,6415.26,702.0,10,1
50,17875.78,16867.49,589.0,18,0
42,18057.68,7568.06,767.0,4,1
34,14578.81,8884.56,682.0,10,1
50,20213.28,17510.3,683.0,11,1
64,22081.9,9024.05,753.0,9,1
19,12278.63,9732.78,671.0,1,0
31,14633.78,7523.52,738.0,7,1
57,21119.07,19919.05,777.0,27,1
57,22611.95,17262.55,791.0,35,1
56,18961.68,19866.54,802.0,36,0
23,7565.0,4654.01,686.0,4,0
23,10543.1,1622.58,704.0,0,0
20,8885.82,0.0,666.0,2,0
24,9804.57,0.0,677.0,6,1
25,12932.62,13510.89,689.0,7,1
59,21034.28,29616.08,612.0,39,0
32,13127.14,12677.9,679.0,1,0
64,21545.89,25596.95,687.0,41,1
46,18562.25,20517.66,647.0,27,0
50,19403.75,12931.32,677.0,19,1
47,18847.32,21404.44,808.0,5,1
56,18805.47,12651.5,655.0,11,1
44,18808.18,12753.0,721.0,1,0
53,22577.54,17019.07,802.0,6,1
46,18484.08,13981.27,741.0,15,1
55,17881.42,17611.99,667.0,2,0
50,16395.6,9762.04,656.0,2,0
54,18449.25,19204.91,695.0,26,1
44,15071.25,16430.72,537.0,17,0
50,17857.81,16001.07,707.0,32,1
21,10564.88,18149.97,617.0,3,0
39,15279.9,18660.89,713.0,0,0
19,9104.58,12632.31,571.0,0,0
27,10617.59,8824.84,646.0,7,1
22,9452.31,9320.68,670.0,4,1
27,12693.15,12773.56,673.0,4,1
50,13976.08,11247.07,616.0,3,1
55,19477.22,13703.93,694.0,29,1
30,12575.98,0.0,796.0,5,1
48,18967.17,18762.56,709.0,13,1
64,20179.91,21351.16,612.0,18,0
53,16774.18,7613.75,774.0,31,1
62,22767.91,21240.17,642.0,8,0
41,11491.1,6235.24,668.0,11,1
32,15264.38,10378.86,729.0,10,1
46,17253.18,20356.35,731.0,13,1
25,13617.44,5940.78,590.0,6,0
22,7425.86,979.95,705.0,0,0
46,15927.28,21766.0,694.0,12,0
64,17384.26,13179.63,680.0,20,1
21,7708.62,12399.62,620.0,1,0
29,11332.31,1072.33,555.0,1,0
62,17674.58,6546.65,607.0,3,1
19,7910.75,1763.87,726.0,1,0
44,12225.32,7372.95,658.0,5,1
48,16885.08,6491.63,719.0,25,1
53,21194.22,18801.86,730.0,30,1
53,18830.04,17237.0,684.0,26,1
43,19216.41,10882.42,715.0,4,1
60,22572.59,13965.07,776.0,24,1
44,18896.3,11683.13,656.0,2,0
22,8070.11,631.66,736.0,0,0
37,12521.72,0.0,714.0,3,1
28,12091.23,9247.78,624.0,8,1
27,7944.6,4203.49,601.0,3,0
57,21042.29,15193.1,737.0,33,1
55,18852.16,10022.71,723.0,25,1
23,12559.99,14100.48,578.0,5,0
25,11859.02,21614.18,580.0,5,0
40,17193.41,9584.31,684.0,4,1
64,20691.59,23551.75,752.0,34,0
43,17996.42,16230.39,705.0,8,1
63,24789.42,20008.64,826.0,37,0
60,20922.57,15017.44,699.0,5,1
29,10221.3,7760.95,649.0,2,0
43,14456.43,17313.09,677.0,11,1
30,14478.03,5892.02,746.0,8,1
57,25468.69,18999.92,796.0,10,1
35,11536.71,15474.37,594.0,1,0
42,13482.96,15704.94,613.0,14,1
50,19842.83,10261.33,729.0,8,1
64,20692.17,15640.78,803.0,20,1
57,22136.71,21349.41,665.0,23,0
60,21930.69,20861.69,689.0,33,0
29,11652.05,14197.31,682.0,5,1
61,22182.54,19667.46,757.0,2,0
53,19660.4,18488.08,732.0,11,1
65,22140.79,19426.61,728.0,27,1
21,5787.28,12528.49,542.0,1,1
22,9957.3,5856.79,636.0,1,0
54,22346.12,18117.85,789.0,20,1
25,7282.46,751.13,708.0,3,0
59,18768.43,8954.64,676.0,25,1
45,17353.65,15507.71,739.0,0,0
48,17477.18,10360.82,788.0,20,1
26,11622.36,9009.46,674.0,2,0
46,15401.36,20409.84,673.0,19,0
31,14624.92,19499.62,699.0,1,0
57,20193.8,27275.26,631.0,17,0
58,21793.97,25623.44,806.0,10,0
39,15340.55,24287.53,693.0,15,0
28,11750.99,11583.44,686.0,5,1
40,16253.67,8487.83,718.0,16,1
18,8772.98,2016.42,702.0,0,0
63,19519.6,22597.33,604.0,4,0
54,21374.71,17357.9,831.0,10,1
38,16036.25,13459.66,750.0,14,1
43,11686.3,6603.68,757.0,2,0
63,20591.6,14327.41,736.0,32,1
53,20984.72,18706.57,698.0,19,1
40,11346.14,3800.8,661.0,15,1
18,10287.13,9515.4,696.0,0,0
57,19817.55,23409.44,656.0,33,0
32,15280.57,1556.27,736.0,1,0
38,14397.71,3811.61,752.0,2,0
64,20755.86,19982.74,675.0,39,1
26,11416.17,15952.78,687.0,7,0
26,10739.23,6141.92,676.0,6,1
27,9478.3,0.0,619.0,5,1
43,20336.69,23428.97,653.0,8,0
58,18457.8,10710.92,796.0,19,1
52,14114.09,9485.04,647.0,0,0
42,18763.4,16605.94,749.0,7,1
43,14732.87,8454.13,711.0,22,1
28,10806.45,4264.51,678.0,6,1
55,18784.19,10738.35,860.0,2,0
19,7560.7,15338.2,535.0,1,0
24,8667.62,12732.16,586.0,1,0
35,11506.37,12077.68,654.0,14,1
44,16329.52,2131.45,873.0,5,1
51,17496.02,16887.78,689.0,14,1
44,17660.72,16749.58,707.0,20,1
34,14165.39,4941.64,700.0,2,0
60,19144.98,16609.53,726.0,13,1
61,21517.04,22471.1,689.0,35,0
41,14464.32,14418.29,707.0,11,1
42,13616.68,7492.5,737.0,16,0
24,11578.86,9329.41,657.0,6,1
23,9657.35,11377.66,583.0,0,0
41,14484.9,11885.18,690.0,2,0
50,16288.87,19302.52,736.0,12,1
46,14744.13,13773.71,637.0,14,1
60,24977.54,23746.64,748.0,17,0
39,15368.24,16401.59,611.0,18,1
43,13717.74,5640.78,657.0,0,0
45,17075.73,13910.52,766.0,5,1
38,16524.03,11557.45,742.0,1,0
24,10535.04,13647.26,655.0,5,1
34,15948.04,15074.6,568.0,5,1
37,11014.37,7870.44,643.0,13,1
58,16417.36,6724.63,761.0,35,1
37,14621.03,3712.29,655.0,7,1
39,15252.99,13754.11,666.0,2,1
45,9821.0,4270.74,715.0,18,1
57,18852.85,18412.91,621.0,29,1
24,8182.68,0.0,598.0,6,0
18,5616.11,12457.64,519.0,0,0
49,15677.92,15861.65,694.0,13,1
30,13191.58,11049.19,649.0,10,1
47,15065.19,20467.45,692.0,19,0
40,13033.76,15169.09,661.0,16,1
36,10562.39,6074.9,769.0,7,1
49,20237.82,16578.14,658.0,23,1
47,17969.26,4554.04,774.0,13,1
46,11815.29,14773.18,605.0,25,1
62,19635.52,14228.66,755.0,37,1
46,17857.04,4399.5,763.0,22,1
47,19662.79,9821.04,698.0,21,1
33,14581.68,16019.9,658.0,15,0
57,19388.63,23579.92,680.0,18,1
36,9937.25,8051.92,629.0,13,1
35,15240.5,7282.14,752.0,2,0
18,7806.21,0.0,627.0,0,0
31,12437.72,17023.25,744.0,9,1
64,21845.16,19723.47,768.0,18,1
19,5988.94,3140.45,662.0,0,0
45,17228.5,10941.44,860.0,27,1
47,17552.92,17401.48,673.0,19,1
55,18648.42,18140.33,726.0,6,1
21,10242.21,3710.85,695.0,1,1
18,5652.0,0.0,696.0,0,0
25,9961.99,2510.08,762.0,6,1
46,16852.25,11140.68,740.0,8,1
56,16330.14,9615.19,767.0,18,1
20,8885.81,15199.11,585.0,2,0
49,19167.29,12814.93,717.0,19,1
27,10493.54,2146.5,776.0,7,1
27,11031.77,2857.93,726.0,5,0
36,14924.69,11019.89,707.0,3,1
63,21124.4,7788.9,735.0,39,1
51,17704.41,13862.92,756.0,16,1
50,15646.59,5836.23,688.0,29,1
40,14970.13,17769.15,607.0,8,1
45,15830.3,13247.05,698.0,0,0
49,18698.18,25563.66,539.0,23,0
24,11326.92,7920.53,704.0,3,1
46,18382.42,0.0,803.0,24,1
25,9483.48,14875.19,603.0,5,1
18,4046.84,5747.09,599.0,0,0
20,10483.28,11671.16,641.0,2,0
41,16162.24,7916.88,683.0,20,1
40,13729.42,10769.29,693.0,2,0
25,11609.88,10220.21,653.0,0,0
64,19302.82,14253.15,727.0,13,1
54,21260.48,8336.57,763.0,29,1
20,8332.75,20509.66,563.0,0,0
50,16342.14,17252.86,691.0,3,1
45,15256.6,14308.2,720.0,26,1
64,21737.03,23959.05,671.0,3,1
25,10475.98,11601.74,667.0,3,1
51,18396.56,11331.23,753.0,7,1
52,17740.79,20441.54,611.0,1,0
49,18100.48,18741.46,736.0,8,1
41,15316.56,9056.82,811.0,13,1
31,11004.85,12753.96,642.0,5,0
49,16103.62,11680.04,694.0,8,1
63,23116.73,19535.78,723.0,15,1
60,22048.65,20637.17,748.0,28,0
33,13014.27,17253.91,669.0,13,1
21,11148.39,5688.73,604.0,0,0
54,15277.34,14046.69,639.0,29,1
38,13271.21,20695.6,655.0,11,0
31,9987.37,7109.66,657.0,2,0
48,21912.54,18512.82,668.0,10,1
65,23926.44,29212.3,768.0,45,0
35,13341.88,13860.89,624.0,17,1
24,11769.98,2046.08,709.0,4,1
27,13332.55,6688.65,691.0,4,0
24,12411.26,13376.91,603.0,4,1
50,19843.41,17989.75,718.0,19,1
40,14474.92,12392.83,702.0,4,1
38,13397.27,21523.94,603.0,2,0
36,11875.62,6413.06,670.0,11,1
65,23504.89,18431.85,773.0,32,1
36,13482.13,970.15,631.0,8,1
53,18063.06,20253.75,637.0,8,0
46,15858.68,8692.68,726.0,3,1
35,16400.39,18405.99,646.0,2,1
19,10605.36,13244.44,613.0,0,0
18,12060.79,21394.13,659.0,0,0
64,23258.03,21852.8,692.0,33,1
22,9713.91,5990.69,766.0,0,0
37,14049.2,13507.47,585.0,7,0
28,9359.4,3691.25,565.0,6,0
59,18177.16,16137.53,745.0,39,1
19,9714.68,6767.23,614.0,1,0
20,7130.64,5352.82,596.0,1,0
40,15422.92,7846.5,764.0,11,1
29,13930.93,12646.98,651.0,8,1
37,12769.09,14336.42,702.0,18,1
22,13620.96,2636.29,693.0,1,1
54,17218.61,10331.92,739.0,28,1
55,21480.39,18024.55,699.0,21,1
47,17949.51,2623.03,720.0,7,1
26,13188.19,19251.87,722.0,4,1
51,16067.6,9298.53,770.0,19,1
61,25914.04,16040.8,743.0,28,1
52,18242.45,13557.25,706.0,3,1
39,16053.3,13529.5,767.0,6,1
61,24188.97,15568.82,715.0,27,1
41,14090.68,16174.61,613.0,3,1
34,14851.45,13879.69,703.0,11,0
27,9557.06,3459.44,792.0,2,0
47,19893.92,13303.11,735.0,21,1
63,20379.64,8719.86,813.0,43,1
40,15077.01,5794.91,671.0,1,0
49,18312.24,16587.78,718.0,23,1
34,14768.6,7680.56,691.0,1,0
34,17136.95,22730.98,751.0,8,0
31,11396.06,9471.47,747.0,0,0
26,13077.47,3697.86,826.0,7,0
57,24040.52,13515.68,738.0,22,1
19,9031.47,12490.02,630.0,1,0
62,20499.73,16017.22,744.0,5,1
42,12139.93,14671.92,615.0,21,0
56,23566.55,17020.8,757.0,24,0
26,10311.11,5447.73,721.0,1,0
39,12697.28,15755.06,621.0,16,1
60,18283.34,10333.78,696.0,11,1
63,19893.57,18360.13,669.0,5,1
21,11139.41,7852.61,605.0,1,0
43,18015.74,18806.21,729.0,7,1
46,18104.24,23575.81,628.0,18,0
62,21864.68,15530.85,700.0,41,1
51,15808.96,9911.46,735.0,0,0
40,13540.12,14161.14,664.0,12,0
54,16986.76,8179.39,703.0,34,1
28,12545.64,18118.84,675.0,7,1
23,7773.38,13448.81,582.0,5,0
35,12071.51,4661.61,589.0,2,0
38,14033.03,3310.8,790.0,15,1
59,17360.4,8085.43,692.0,19,1
53,18993.54,9467.99,707.0,12,1
58,20185.69,20157.36,665.0,37,1
55,21868.42,25240.59,695.0,7,0
51,16660.27,17278.85,666.0,19,1
34,10601.61,7300.33,719.0,0,0
54,18451.88,16474.0,784.0,25,1
42,13403.82,6374.16,668.0,6,1
55,19578.31,21148.69,643.0,20,0
29,7980.13,8544.25,611.0,4,1
40,13789.31,14897.44,685.0,16,1
59,18843.26,11436.93,725.0,41,1
39,15835.51,11825.43,674.0,10,1
38,12778.87,13848.46,594.0,8,0
44,12727.81,17399.81,530.0,8,0
48,16996.36,10556.59,667.0,23,1
23,10539.77,12334.08,707.0,4,1
44,15657.59,8965.71,734.0,16,1
57,18877.35,25687.85,651.0,16,0
51,16956.88,11491.38,749.0,23,1
29,11925.9,12758.24,591.0,4,0
62,19821.1,16684.93,718.0,38,1
24,9543.03,20660.94,503.0,6,1
27,12600.89,11230.22,687.0,8,1
62,18997.35,12622.6,740.0,38,1
34,13112.67,13687.67,677.0,12,0
43,12322.02,12943.82,717.0,10,1
38,14855.86,11097.34,732.0,13,1
45,14542.38,6160.08,654.0,18,1
63,23939.18,16511.35,816.0,10,1
19,5746.11,9004.38,602.0,0,0
60,21884.16,8770.08,676.0,0,0
18,10842.26,7433.58,666.0,0,0
53,16838.62,18445.22,709.0,18,1
43,14176.23,10873.5,637.0,11,1
46,14911.61,22797.84,702.0,7,0
38,13428.27,2019.37,678.0,7,1
28,12434.84,5141.04,675.0,4,0
57,18964.99,3598.82,738.0,11,0
28,9158.08,17294.92,520.0,0,0
53,14862.49,7165.06,663.0,25,1
56,23003.9,8468.51,752.0,38,1
57,23460.99,15709.2,750.0,27,1
52,19720.47,8812.33,603.0,4,1
51,16679.23,10319.46,751.0,7,1
64,23695.4,19162.47,776.0,24,1
41,17197.41,17782.54,742.0,13,1
39,14191.5,10479.86,615.0,12,1
22,9682.74,7872.64,643.0,0,0
50,20463.54,13462.85,784.0,19,1
53,15619.08,4936.77,783.0,17,1
64,24196.85,10124.78,865.0,17,1
37,13481.69,8962.93,695.0,1,0
36,11574.84,9683.07,665.0,3,1
52,16539.39,11038.44,632.0,29,1
60,19270.56,6369.81,814.0,32,1
34,10779.86,9630.89,637.0,3,1
62,25142.78,28260.75,712.0,17,0
60,21982.41,17012.69,733.0,36,1
51,20428.97,13445.52,617.0,18,0
26,11924.74,9237.32,632.0,7,1
43,16022.46,7296.06,746.0,19,1
19,8849.51,1235.11,680.0,0,1
26,10004.97,10261.05,672.0,0,0
26,10168.44,13086.36,675.0,2,0
57,17283.79,13091.54,666.0,14,0
34,15363.65,2422.1,716.0,8,1
18,4773.53,5585.57,613.0,0,0
42,13482.78,21123.13,668.0,6,0
60,25024.07,18799.76,745.0,1,0
57,20372.35,15408.65,638.0,28,1
59,21055.42,12481.17,738.0,40,1
42,16874.68,15906.51,726.0,9,0
56,16719.33,10020.54,785.0,1,0
52,15812.41,17757.44,683.0,10,1
20,8110.21,3200.27,591.0,0,1
54,17393.28,15623.58,675.0,9,1
61,21150.09,16688.35,752.0,13,1
61,22271.1,25592.44,738.0,17,0
47,19878.33,17950.06,734.0,18,1
55,21122.18,23832.78,679.0,8,0
51,16311.45,13592.27,738.0,27,1
29,10950.07,7906.36,638.0,2,0
36,12506.11,9813.93,685.0,5,1
54,17166.88,9876.46,760.0,26,1
61,18811.65,17707.66,728.0,1,0
34,16528.62,9771.11,746.0,5,1
27,11121.28,9459.34,693.0,2,0
64,21751.54,21677.24,657.0,15,1
29,12668.52,18052.56,637.0,7,1
33,13967.49,11988.29,634.0,1,0
41,17537.65,18336.16,669.0,16,0
36,12312.68,13559.58,597.0,8,0
25,11305.44,7132.47,695.0,5,1
48,15577.65,23001.14,543.0,11,0
38,14019.68,8334.54,729.0,2,0
34,13313.49,11105.76,678.0,10,1
40,15308.97,19517.77,751.0,0,0
54,19420.64,22683.8,671.0,14,0
33,14503.66,11674.53,676.0,9,0
23,8706.02,11916.9,662.0,4,1
25,10863.35,7570.82,663.0,4,1
42,14082.19,8822.36,710.0,16,1
35,19341.51,9409.26,796.0,5,1
42,13774.27,14638.82,651.0,20,1
29,10298.69,12385.06,701.0,5,1
32,14365.3,8652.79,616.0,10,1
43,15041.07,13373.36,764.0,17,1
58,22166.09,30987.82,577.0,35,0
62,21906.05,23258.25,770.0,34,0
43,15093.62,7567.48,620.0,12,1
64,20694.49,21563.4,798.0,8,1
49,16122.33,8413.55,727.0,20,1
27,10315.36,0.0,656.0,5,1
33,12551.21,9938.91,769.0,9,1
24,8536.24,14645.0,558.0,5,0
34,12981.54,17372.47,632.0,11,1
40,12811.77,12135.59,798.0,1,0
43,17411.8,11220.79,738.0,2,0
38,16294.72,15468.03,584.0,2,0
39,13291.35,9287.28,673.0,11,1
24,8679.65,4375.44,647.0,6,1
31,12655.83,15434.68,659.0,8,1
32,15130.73,9474.41,702.0,14,1
24,13173.33,16174.84,678.0,6,1
26,7994.51,3434.68,586.0,7,0
65,24512.61,29902.55,668.0,10,0
25,10376.89,98.34,719.0,7,1
40,14915.62,7148.65,675.0,21,1
46,17809.42,13470.7,766.0,3,1
35,12538.09,110.25,688.0,0,0
48,19593.4,2819.79,789.0,23,1
47,19947.92,6081.3,764.0,6,1
56,22722.57,16717.61,693.0,33,1
52,14912.17,10596.19,699.0,27,0
35,13040.69,12097.55,604.0,4,1
59,16829.54,12478.62,684.0,6,1
56,18269.44,16113.13,704.0,3,1
34,8405.0,4472.92,590.0,4,0
31,13200.53,14134.51,693.0,7,1
48,17838.62,17242.45,705.0,0,0
41,14434.8,9914.38,721.0,0,0
52,17017.7,16279.22,689.0,19,1
61,21928.06,16589.22,679.0,18,1
62,19577.16,8050.1,756.0,28,1
51,16141.08,17435.34,705.0,9,1
20,6595.17,742.05,603.0,1,0
54,18792.32,19502.97,635.0,27,1
60,19835.38,17488.44,699.0,34,1
57,19331.52,15042.61,700.0,30,1
43,16943.62,4169.93,748.0,10,1
40,16926.59,21240.0,648.0,16,0
61,24200.96,17545.2,762.0,37,1
56,19920.27,19109.04,765.0,4,1
32,13295.18,10066.27,710.0,7,0
21,9677.69,6384.98,668.0,1,0
46,13451.63,11725.34,621.0,15,1
39,13960.61,11301.35,647.0,19,1
42,14869.8,10560.88,738.0,23,1
30,10978.37,8506.13,644.0,11,1
35,13418.12,12869.82,621.0,5,1
50,17561.04,16537.93,798.0,0,1
33,10927.35,8958.66,741.0,14,1
62,21297.95,20143.04,706.0,3,0
59,19421.9,13417.17,673.0,4,1
61,16061.51,23973.64,677.0,29,0
19,5905.86,12152.63,574.0,1,0
52,18777.83,18834.48,738.0,23,1
59,22883.78,8599.12,761.0,2,0
51,13445.59,13786.57,748.0,10,1
47,15359.22,10604.19,675.0,12,1
30,12862.91,5396.92,820.0,3,1
30,13756.39,9194.63,701.0,9,1
35,12659.77,5788.64,767.0,13,1
49,16334.44,15601.56,658.0,21,1
49,20139.42,24191.51,615.0,10,0
52,20192.19,20283.89,585.0,26,0
56,21517.24,31026.42,724.0,5,0
63,20963.87,9003.04,768.0,14,1
46,19027.39,12691.74,664.0,20,1
46,12909.86,5612.76,767.0,9,1
61,23562.46,24996.81,768.0,36,0
33,12766.94,9110.8,751.0,9,1
61,21557.87,18193.88,658.0,36,1
64,20309.49,19416.02,768.0,41,1
27,7471.95,0.0,694.0,4,0
47,17315.41,10745.58,791.0,2,0
42,16702.79,18348.56,702.0,22,1
56,21205.38,14223.87,750.0,5,0
37,15289.56,3663.43,798.0,3,1
22,10336.32,3757.74,727.0,1,0
18,6552.43,3810.6,701.0,0,0
47,18634.95,15741.76,683.0,27,1
20,6928.76,5188.94,635.0,0,0
62,23814.13,15980.21,672.0,28,1
31,12132.04,14402.2,621.0,12,1
47,16998.58,12953.56,745.0,26,0
21,11031.85,9872.49,689.0,2,0
35,15502.94,9597.57,658.0,16,1
54,20741.28,24137.72,751.0,31,0
42,13959.08,9209.11,842.0,15,1
65,24025.34,19593.74,697.0,21,1
18,6770.42,10591.33,604.0,0,0
63,23475.8,20180.85,703.0,3,0
32,9749.67,9075.19,647.0,4,1
26,10612.64,0.0,720.0,4,1
32,10958.22,12169.75,614.0,8,1
41,17039.87,13909.83,687.0,16,0
21,11530.33,11932.09,660.0,0,0
29,12097.99,10594.46,692.0,1,0
54,19532.22,12829.99,804.0,21,1
54,20608.35,20958.22,701.0,22,0
60,23242.23,19584.42,706.0,2,0
23,9974.62,1532.77,727.0,1,0
56,18800.65,21583.11,700.0,33,0
63,23194.53,11403.23,765.0,31,1
41,11582.55,13770.68,671.0,12,1
28,13219.3,18010.1,623.0,2,1
30,10579.63,2932.22,665.0,9,1
51,17819.54,13641.83,615.0,20,1
42,17432.1,12865.94,694.0,13,1
24,9368.98,6640.33,572.0,6,0
21,10594.82,17627.05,586.0,3,0
25,12777.82,4748.66,733.0,4,1
37,14320.07,9923.22,618.0,11,1
46,17422.9,21454.93,657.0,10,0
62,21361.13,15474.16,740.0,38,1
63,22131.2,13026.06,744.0,3,1
27,8867.19,8408.83,623.0,2,0
60,20412.52,20358.22,719.0,0,0
51,15723.59,10614.67,727.0,27,1
43,14102.47,14053.81,671.0,23,0
58,16394.1,6232.21,711.0,34,1
20,9527.86,1017.15,733.0,0,0
23,13283.2,8426.13,625.0,1,0
22,8687.79,9900.32,672.0,2,0
22,11530.27,13031.7,671.0,3,1
64,24451.39,13651.03,786.0,16,1
40,12601.73,13703.48,657.0,2,0
26,8832.41,7898.46,554.0,1,0
52,20581.6,12069.25,815.0,21,1
37,13915.32,4461.31,759.0,18,1
59,18118.42,15643.85,655.0,36,1
52,17326.28,20308.84,710.0,20,0
35,14339.32,11649.07,695.0,7,1
34,11612.13,4615.1,664.0,4,1
41,9750.93,0.0,757.0,16,1
20,8355.97,14332.23,590.0,0,0
49,17218.01,18983.66,745.0,3,1
52,18618.45,16405.15,731.0,18,1
55,22017.77,25004.18,743.0,26,0
30,12107.05,10805.23,696.0,4,1
64,22685.87,15493.52,776.0,33,1
42,17711.07,16944.52,703.0,10,1
26,10820.69,4507.92,649.0,5,1
21,13573.04,5880.19,709.0,0,0
31,9772.58,11676.1,685.0,11,1
54,17331.7,18144.16,719.0,20,1
51,19527.92,9253.64,774.0,10,1
28,13908.63,4942.91,610.0,6,1
58,19998.41,13773.48,720.0,27,1
20,6978.76,2026.48,644.0,0,1
45,20021.98,18400.03,653.0,16,1
46,15215.26,12412.46,735.0,23,1
26,11478.11,15007.02,538.0,3,0
20,11628.3,10888.93,704.0,0,0
42,14716.79,8550.55,771.0,13,0
51,17055.74,4188.95,739.0,11,1
29,10592.62,9371.38,655.0,5,1
59,22503.1,9450.84,826.0,16,1
26,12920.3,7051.46,656.0,2,0
32,12667.45,6525.33,727.0,2,1
57,23866.16,16550.8,710.0,25,1
42,15663.93,5950.98,666.0,15,1
22,12184.67,6121.35,706.0,3,0
28,10536.0,14158.32,633.0,3,1
51,22967.51,24089.75,623.0,31,0
41,18440.26,22414.71,743.0,5,0
32,12344.05,9925.97,653.0,14,1
55,22369.08,19251.36,753.0,35,1
25,13267.96,16417.43,731.0,5,1
22,12706.08,2811.56,725.0,2,0
65,17536.03,18056.96,749.0,32,1
43,17338.7,20382.69,628.0,23,0
35,14584.6,7222.88,781.0,14,1
23,10842.15,15586.91,589.0,2,0
54,19636.69,25997.93,638.0,10,0
65,22995.62,22285.73,646.0,16,0
30,14566.28,14625.55,686.0,2,0
45,17578.95,8464.28,765.0,20,1
22,10033.81,13373.07,672.0,2,0
30,14278.76,6295.06,640.0,1,1
34,14036.05,13077.55,694.0,14,1
57,21127.14,19257.19,736.0,3,1
62,25334.07,3785.99,865.0,6,1
49,16831.04,15493.85,652.0,12,1
46,13768.58,24122.24,492.0,2,0
20,9144.73,0.0,727.0,2,0
57,20529.09,16153.81,717.0,8,1
51,19743.06,6058.87,781.0,7,1
57,20314.63,11781.0,740.0,16,1
44,17710.24,4519.31,766.0,16,1
30,17009.23,14405.1,735.0,0,0
62,23203.03,22530.45,627.0,32,1
50,19954.63,18012.4,767.0,31,0
23,9640.94,3061.84,672.0,2,0
41,12529.49,6976.61,772.0,5,1
36,9203.78,8724.38,625.0,2,0
33,11862.64,4995.49,660.0,10,1
57,14939.26,5307.43,715.0,4,0
45,17527.1,12826.04,736.0,12,1
50,17234.37,9063.95,713.0,30,1
65,19873.25,17956.39,738.0,15,1
58,20661.75,23022.89,672.0,31,1
30,10522.74,21406.11,600.0,5,0
60,21901.55,19211.58,835.0,28,1
62,23015.25,21642.06,740.0,21,0
42,14196.33,8360.48,722.0,10,1
59,20225.44,13493.47,661.0,2,1
53,19329.79,21884.11,752.0,9,0
44,13385.92,9327.09,741.0,9,1
55,19929.62,16308.43,682.0,20,1
24,7337.96,11985.25,666.0,3,0
22,10731.43,7242.01,688.0,1,0
60,20129.67,23605.84,686.0,40,0
62,18726.91,17846.68,763.0,23,1
48,16240.05,15269.03,660.0,2,0
40,13924.65,7898.77,664.0,14,1
59,22837.04,20815.26,735.0,34,0
27,11446.61,7012.06,706.0,2,0
49,15787.45,14977.0,731.0,17,1
60,24298.13,18929.38,741.0,7,1
47,18352.98,19516.43,643.0,25,1
56,19127.36,15143.03,842.0,6,1
48,14292.33,21623.15,580.0,29,0
35,12650.81,8742.92,686.0,6,1
53,18458.97,12094.31,763.0,2,0
19,9438.06,9281.02,706.0,0,0
31,13514.51,16200.97,626.0,3,1
30,13613.16,16241.02,561.0,8,0
46,13577.07,11695.56,648.0,4,1
29,12117.01,11389.05,707.0,0,1
56,19480.77,17287.3,740.0,14,1
19,14055.95,5855.4,745.0,0,0
49,17829.39,19383.88,717.0,12,1
30,10754.69,2314.47,763.0,7,1
63,22120.74,12316.6,721.0,7,0
44,16182.86,13221.43,636.0,4,1
58,16421.92,11538.24,725.0,8,1
34,14016.61,15194.07,612.0,0,1
57,19478.88,17819.87,643.0,35,1
48,17346.62,14568.3,762.0,2,0
51,16552.86,7614.62,740.0,1,0
41,13112.17,10622.54,679.0,7,1
62,23357.76,18423.65,744.0,22,1
52,20816.91,17764.46,714.0,8,1
65,23336.2,16518.77,812.0,33,1
23,6278.4,7636.81,549.0,5,0
36,14766.13,10080.1,619.0,13,0
47,13508.13,12952.07,624.0,3,1
24,8877.65,11082.36,648.0,5,1
27,12831.12,7591.92,781.0,5,1
58,21715.2,13511.37,793.0,10,1
49,18613.93,17272.98,729.0,2,0
51,20925.81,10135.15,755.0,7,1
45,17620.03,19654.35,611.0,2,0
32,8561.96,6904.38,677.0,13,1
47,16360.94,12514.96,802.0,27,1
54,19116.78,18023.51,689.0,12,1
46,16482.52,15605.79,659.0,12,1
39,13465.73,10805.17,669.0,1,0
21,7239.69,10184.83,651.0,0,0
37,18901.49,11759.25,736.0,18,1
49,16922.51,17099.79,729.0,26,0
53,23603.2,13489.45,767.0,15,1
21,7017.42,8167.18,617.0,1,0
44,17514.12,12371.93,725.0,7,1
34,13659.28,4372.0,688.0,16,1
29,9856.1,9168.09,740.0,6,1
39,13764.89,10839.78,725.0,1,1
34,13169.74,2822.16,663.0,9,1
27,9411.77,0.0,657.0,5,1
18,7887.72,5548.86,679.0,0,0
39,9970.2,16067.29,629.0,1,0
43,17323.03,15463.5,711.0,1,0
35,15954.3,9421.93,703.0,12,0
31,13208.73,15976.33,675.0,7,1
64,26728.52,25918.93,729.0,46,0
46,18164.19,20889.25,705.0,27,0
29,13985.62,14607.98,705.0,1,0
53,21376.73,21530.89,786.0,2,0
52,13097.97,14133.92,635.0,7,1
29,12547.35,7650.35,687.0,6,1
24,7434.13,0.0,613.0,5,0
46,14438.19,8944.88,791.0,23,0
28,9386.05,13033.53,530.0,6,0
50,17374.57,11994.6,798.0,26,1
23,11200.92,8233.44,676.0,5,1
64,23067.98,12625.46,788.0,28,1
32,12574.84,7304.42,681.0,6,1
49,19145.37,15270.85,717.0,20,0
28,12966.97,12836.39,695.0,6,0
40,15885.25,10414.89,625.0,0,0
43,12450.99,7318.11,655.0,16,1
51,16821.33,17667.95,638.0,29,1
63,21952.66,19188.46,746.0,12,1
51,19766.91,18056.89,708.0,20,1
46,14142.84,18955.88,678.0,18,1
21,9277.31,4896.48,677.0,0,0
34,10068.75,7809.91,715.0,16,1
52,20651.84,19277.27,673.0,22,1
30,12484.69,5630.22,700.0,9,1
58,17707.73,15311.43,756.0,9,1
56,17094.54,13786.62,747.0,35,0
32,13374.86,24586.39,537.0,7,0
46,19549.6,16139.03,664.0,21,1
46,14606.43,17469.84,655.0,19,0
28,12973.21,14528.28,645.0,3,1
49,16615.52,7509.61,725.0,31,1
19,10346.39,532.99,741.0,1,0
64,23566.38,20088.18,750.0,13,0
31,12610.6,16375.15,662.0,1,0
37,10431.22,9784.55,689.0,13,1
39,16062.37,13244.16,748.0,19,1
28,12404.04,8502.8,529.0,4,0
44,17020.86,6996.88,716.0,23,1
20,9391.35,2710.47,636.0,2,0
34,11442.43,1042.37,733.0,3,1
61,23465.93,13257.51,745.0,12,1
45,18296.28,12006.98,727.0,26,1
46,14649.15,15599.4,711.0,22,1
38,17028.59,11397.54,683.0,7,1
64,22463.34,19248.8,747.0,17,1
33,13158.27,11202.77,753.0,11,1
54,18847.29,17573.08,742.0,30,1
37,13944.01,5981.14,630.0,13,1
23,12641.8,15409.41,635.0,1,0
36,15866.15,5657.04,748.0,17,1
22,11623.69,7059.89,709.0,1,0
20,9369.13,7390.78,644.0,2,0
18,10178.34,11943.4,610.0,0,0
55,17831.37,21161.65,676.0,10,0
32,13766.89,14853.67,609.0,8,1
51,17993.02,21474.0,728.0,11,0
52,14480.39,7438.43,801.0,14,1
42,12427.8,15894.09,665.0,24,1
41,13974.04,16272.52,647.0,16,1
29,12530.31,0.0,772.0,9,1
35,12175.84,8638.35,717.0,17,1
32,11417.77,12144.4,640.0,5,1
61,22826.52,15684.15,747.0,37,1
33,11789.98,4002.85,667.0,0,1
44,18861.61,25660.17,669.0,22,0
25,12830.25,10819.4,689.0,7,1
63,21943.76,18247.04,689.0,7,1
42,17106.92,7140.57,682.0,8,1
34,14434.48,8485.78,636.0,5,1
46,16308.67,8557.73,741.0,4,1
25,12223.27,15173.49,646.0,3,1
32,14617.8,14217.41,671.0,8,1
44,14295.13,8583.29,723.0,10,1
63,22207.1,20568.18,674.0,0,0
24,10485.01,7120.41,616.0,2,0
20,10699.24,9731.84,670.0,2,0
46,15912.28,13878.65,603.0,8,1
61,20104.48,18184.92,697.0,26,1
41,15638.0,14008.66,810.0,1,0
20,11362.72,11195.42,590.0,1,1
37,11701.25,15640.04,617.0,14,1
63,19850.39,19083.12,597.0,12,0
32,11558.99,7562.68,666.0,2,0
42,14914.85,11442.11,790.0,16,1
47,13568.83,17005.92,674.0,5,1
31,15296.39,12799.22,658.0,7,1
24,9939.39,6081.42,778.0,3,1
34,12639.79,6956.14,604.0,4,1
61,24545.28,21001.41,763.0,16,0
37,15535.59,8154.19,718.0,0,0
53,17829.16,20687.3,663.0,26,0
26,11129.22,3714.28,733.0,8,1
55,19416.53,22923.56,620.0,9,0
65,25396.7,18891.21,775.0,46,0
39,14365.15,6108.43,722.0,20,1
19,5815.88,5598.58,587.0,0,0
41,11545.55,4471.25,791.0,10,1
25,13450.32,10932.12,671.0,4,0
28,9822.77,4970.5,666.0,4,1
30,13340.42,15397.7,605.0,0,0
34,13343.53,11358.57,668.0,11,1
25,9666.69,1790.85,804.0,2,0
38,13880.31,8119.06,686.0,16,1
35,16666.76,16858.14,708.0,3,1
47,14203.87,17798.56,701.0,14,1
35,12727.09,9955.3,668.0,8,1
63,23713.13,13748.52,748.0,20,1
64,19633.71,20977.15,715.0,19,0
48,20034.57,19530.47,691.0,18,1
55,21284.5,23560.3,678.0,18,0
49,18243.59,16045.92,749.0,11,1
28,10393.69,5711.96,672.0,4,1
62,18776.87,17605.94,760.0,41,1
42,17014.09,15242.92,689.0,16,1
50,23497.29,15923.46,689.0,27,1
55,19791.79,16826.62,542.0,34,1
58,16747.91,12423.2,613.0,17,1
25,11415.03,12849.72,567.0,7,0
28,13120.53,12956.46,680.0,2,0
39,12864.3,5033.48,655.0,11,0
41,14008.98,5445.07,614.0,8,1
58,18905.24,14675.14,709.0,6,1
34,12137.27,9873.91,618.0,8,1
29,11355.67,12889.42,672.0,1,0
63,20178.2,18709.08,730.0,36,1
49,15228.32,19476.09,682.0,12,1
32,12948.75,8023.03,561.0,3,0
33,12534.68,7406.31,691.0,14,1
39,13827.52,6262.94,701.0,1,0
45,16666.38,17080.14,620.0,15,1
37,11059.65,8956.48,559.0,8,0
50,18526.41,5553.11,752.0,8,1
27,10268.62,9225.73,710.0,5,1
57,20578.98,17793.03,588.0,10,0
49,18499.3,14077.7,673.0,21,1
50,20262.3,17693.12,721.0,21,1
19,8905.91,1023.55,740.0,0,0
50,20133.44,24311.91,664.0,22,0
50,17356.17,15786.24,791.0,8,1
58,19851.64,7012.82,674.0,23,1
30,11818.14,9425.03,570.0,7,0
47,18648.25,16952.2,753.0,6,1
50,19261.92,9844.87,626.0,17,1
30,12270.14,12484.27,683.0,2,1
43,13444.53,19160.25,624.0,5,1
39,15926.12,9519.05,667.0,11,1
56,18077.19,16603.95,676.0,20,1
19,6868.21,6537.56,572.0,1,0
55,17223.03,18619.87,663.0,0,0
56,19633.66,15162.72,721.0,35,1
43,18323.45,9325.18,716.0,20,1
63,19969.28,20496.33,668.0,42,0
32,15957.15,7729.42,734.0,2,0
51,20119.62,25140.0,758.0,12,0
59,17770.8,17020.48,679.0,9,1
61,20534.45,13433.1,779.0,43,1
57,18019.5,19958.86,632.0,9,1
28,12729.91,10137.98,610.0,4,1
20,7023.67,4511.91,670.0,1,0
23,6657.76,1921.86,645.0,1,0
26,10148.55,0.0,758.0,5,0
23,12238.79,12812.99,725.0,0,1
26,10414.97,191.34,745.0,3,1
56,20596.89,12511.04,784.0,13,1
48,18274.46,16783.79,528.0,9,0
49,14675.45,9236.98,723.0,2,0
58,18601.25,15666.76,751.0,24,0
29,11712.93,3301.87,637.0,2,0
25,9385.29,5765.94,665.0,6,0
25,13908.91,11944.06,627.0,5,1
45,14043.36,6477.32,759.0,16,1
37,12281.48,18257.0,584.0,11,0
64,22781.09,15037.75,713.0,23,1
24,8944.21,14047.45,596.0,4,1
28,5616.33,3654.04,750.0,10,0
37,17969.36,6533.11,797.0,3,0
33,10751.39,2916.61,774.0,9,1
21,10421.79,9217.82,567.0,3,0
23,7393.22,11078.45,555.0,1,0
39,12973.93,19228.03,701.0,5,1
43,12654.13,10764.4,585.0,0,1
20,7517.61,127.87,641.0,2,0
58,19111.44,16681.57,810.0,27,1
59,20434.87,12221.82,695.0,15,1
31,11554.86,11204.85,568.0,0,0
28,8516.96,2106.2,677.0,7,1
35,12452.2,0.0,636.0,11,1
29,14594.02,18259.5,717.0,10,1
40,17656.78,12993.34,667.0,21,1
29,12611.37,10337.4,620.0,4,1
30,13326.2,15644.47,657.0,9,1
42,19721.65,25171.55,651.0,14,0
62,22742.5,21794.4,731.0,29,1
36,15088.38,12585.71,714.0,8,1
63,18770.83,17331.03,690.0,33,1
53,16674.74,11865.88,649.0,5,1
62,21534.62,17408.27,765.0,6,1
25,8885.12,7832.41,615.0,7,1
46,14804.09,7910.15,665.0,20,1
49,15935.08,12853.93,702.0,24,1
61,18452.86,16597.8,605.0,32,0
35,11917.23,12118.87,678.0,6,0
23,10578.87,10649.72,662.0,3,1
35,17092.65,6978.99,792.0,11,1
36,15393.96,18461.47,637.0,15,1
39,15972.31,18509.25,733.0,15,1
54,15952.93,12281.6,725.0,35,1
49,17938.59,16628.42,695.0,12,1
58,20266.08,15130.1,818.0,6,1
20,9581.48,11424.97,643.0,2,0
45,15778.63,8551.54,689.0,18,1
27,14424.15,18251.63,659.0,8,1
52,18705.55,18475.48,668.0,31,1
46,17100.45,17307.53,703.0,10,1
32,8675.12,6414.83,721.0,7,1
50,17786.65,7166.23,742.0,32,1
24,12498.52,14418.49,657.0,6,1
29,12811.15,3351.11,751.0,8,1
47,12788.82,14710.92,714.0,23,1
38,13500.65,6939.88,678.0,7,1
48,20863.8,8755.8,773.0,12,1
41,14998.72,12003.97,730.0,21,1
37,14744.83,17709.87,675.0,3,1
54,22438.02,13122.4,666.0,2,0
21,8990.77,15187.79,663.0,0,0
45,18082.06,17749.35,718.0,8,1
61,22122.79,18482.03,759.0,28,1
37,15350.3,10102.12,643.0,1,0
41,16058.43,11017.26,713.0,1,0
49,16604.74,15434.63,731.0,27,1
58,19504.4,19833.73,652.0,12,1
53,17190.85,10785.2,687.0,14,1
51,15020.58,7983.9,753.0,22,1
53,21389.06,16042.11,700.0,25,1
19,8720.17,13944.28,607.0,1,0
32,14988.32,5906.21,669.0,9,1
51,21430.75,22856.98,791.0,8,1
53,19006.83,15416.87,739.0,4,1
23,7273.02,0.0,660.0,3,0
56,19407.62,13217.94,706.0,10,1
59,19357.71,18534.51,639.0,14,1
